Universitas,Prodi,Jenjang,Nilai Rata-Rata UTBK
Universitas Jember,Pendidikan Dokter,S1,708
Universitas Jember,Farmasi,S1,673
Universitas Jember,Ilmu Keperawatan,S1,669
Universitas Jember,Pendidikan Dokter Gigi,S1,663
Universitas Jember,Pendidikan Biologi,S1,662
Universitas Jember,Kesehatan Masyarakat,S1,650
Universitas Jember,Teknik Sipil,S1,626
Universitas Jember,Agribisnis,S1,601
Universitas Jember,Sistem Informasi,S1,599
Universitas Jember,Informatika,S1,597
Universitas Jember,Teknologi Informasi,S1,596
Universitas Jember,Gizi,S1,594
Universitas Jember,Teknik Mesin,S1,589
Universitas Jember,Agroteknologi / Agroekoteknologi,S1,588
Universitas Jember,Pendidikan Matematika,S1,588
Universitas Jember,Perencanaan Wilayah Dan Kota,S1,585
Universitas Jember,Pendidikan IPA,S1,584
Universitas Jember,Ilmu Tanah,S1,583
Universitas Jember,Matematika,S1,583
Universitas Jember,Teknik Pertambangan,S1,583
Universitas Jember,Teknik Elektro,S1,582
Universitas Jember,Teknologi Hasil Pertanian,S1,582
Universitas Jember,Teknologi Industri Pertanian,S1,580
Universitas Jember,Biologi,S1,579
Universitas Jember,Teknik Lingkungan,S1,575
Universitas Jember,Teknik Perminyakan,S1,575
Universitas Jember,Teknik Pertanian,S1,572
Universitas Jember,Kimia,S1,567
Universitas Jember,Peternakan,S1,565
Universitas Jember,Teknik Kimia,S1,560
Universitas Jember,Fisika,S1,559
Universitas Jember,Ilmu Pertanian,S1,554
Universitas Jember,Pendidikan Fisika,S1,552
Universitas Jember,Proteksi Tanaman,S1,550
Universitas Jember,Agronomi,S1,549
Universitas Jember,Penyuluhan Pertanian,S1,542
Universitas Jember,Teknik Konstruksi Perkapalan,S1,541
Universitas Jember,Ilmu Hukum,S1,661
Universitas Jember,Manajemen,S1,661
Universitas Jember,Ilmu Administrasi Bisnis,S1,642
Universitas Jember,Akuntansi,S1,639
Universitas Jember,Pendidikan Guru Sekolah Dasar,S1,623
Universitas Jember,Hubungan Internasional,S1,618
Universitas Jember,Ilmu Administrasi Negara,S1,611
Universitas Jember,Sosiologi,S1,605
Universitas Jember,Ilmu Kesejahteraan Sosial,S1,602
Universitas Jember,Ekonomi Pembangunan,S1,601
Universitas Jember,Pendidikan Ekonomi,S1,595
Universitas Jember,Pendidikan Bhs. & Sastra Indo.,S1,594
Universitas Jember,Sastra Inggris,S1,593
Universitas Jember,Televisi & Film,S1,593
Universitas Jember,Pendidikan Bahasa Inggris,S1,589
Universitas Jember,Ekonomi Syariah,S1,587
Universitas Jember,Pendidikan Sejarah,S1,580
Universitas Jember,Ilmu Sejarah,S1,574
Universitas Jember,Sastra Indonesia,S1,574
Universitas Jember,Pendidikan Geografi,S1,567
Universitas Jember,PG PAUD,S1,567
Universitas Jember,Pend. Guru Sekolah Dasar Kampus Bondowoso,S1,562
Universitas Jember,Pendidikan Luar Sekolah,S1,561
Universitas Jember,Ekonomi Syariah Kampus Bondowoso,S1,553
Universitas Negeri Jakarta,Ilmu Komputer,S1,676
Universitas Negeri Jakarta,Sistem Dan Teknologi Informasi,S1,652
Universitas Negeri Jakarta,Statistika,S1,600
Universitas Negeri Jakarta,Pendidikan Matematika,S1,599
Universitas Negeri Jakarta,Teknik Mesin,S1,599
Universitas Negeri Jakarta,Pendidikan Informatika,S1,598
Universitas Negeri Jakarta,Biologi,S1,597
Universitas Negeri Jakarta,Pendidikan Biologi,S1,597
Universitas Negeri Jakarta,Matematika,S1,594
Universitas Negeri Jakarta,Kimia,S1,585
Universitas Negeri Jakarta,Fisika,S1,582
Universitas Negeri Jakarta,Pendidikan Vokasional Konstruksi Bangunan,S1,578
Universitas Negeri Jakarta,Pendidikan Vokasional Teknik Elektro,S1,574
Universitas Negeri Jakarta,Pendidikan Kimia,S1,564
Universitas Negeri Jakarta,Rekayasa Keselamatan Kebakaran,S1,564
Universitas Negeri Jakarta,Pendidikan Fisika,S1,563
Universitas Negeri Jakarta,Pendidikan Vokasional Teknik Elektronika,S1,559
Universitas Negeri Jakarta,Pendidikan Vokasional Teknik Mesin,S1,555
Universitas Negeri Jakarta,Ilmu Keolahragaan,S1,554
Universitas Negeri Jakarta,Psikologi,S1,716
Universitas Negeri Jakarta,Manajemen,S1,710
Universitas Negeri Jakarta,Ilmu Komunikasi,S1,709
Universitas Negeri Jakarta,Bisnis Digital,S1,689
Universitas Negeri Jakarta,Pendidikan Guru Sekolah Dasar,S1,683
Universitas Negeri Jakarta,Akuntansi,S1,682
Universitas Negeri Jakarta,Sastra Inggris,S1,678
Universitas Negeri Jakarta,Pendidikan Vokasional Seni Kuliner,S1,669
Universitas Negeri Jakarta,Sosiologi,S1,663
Universitas Negeri Jakarta,Pendidikan Administrasi Perkantoran,S1,661
Universitas Negeri Jakarta,Pendidikan Agama Islam,S1,656
Universitas Negeri Jakarta,Bimbingan & Konseling,S1,628
Universitas Negeri Jakarta,Pendidikan Bahasa Inggris,S1,622
Universitas Negeri Jakarta,Pendidikan Vokasional Tata Rias,S1,621
Universitas Negeri Jakarta,Pendidikan Bisnis,S1,619
Universitas Negeri Jakarta,Pendidikan Vokasional Desain Fashion,S1,619
Universitas Negeri Jakarta,Pendidikan Ekonomi,S1,617
Universitas Negeri Jakarta,Sastra Indonesia,S1,611
Universitas Negeri Jakarta,Manajemen Pendidikan,S1,607
Universitas Negeri Jakarta,Pendidikan Bahasa Arab,S1,602
Universitas Negeri Jakarta,Pendidikan Bahasa Indonesia,S1,602
Universitas Negeri Jakarta,Pendidikan Bahasa Jepang,S1,599
Universitas Negeri Jakarta,Pend. Guru Paud,S1,598
Universitas Negeri Jakarta,Pendidikan Sosiologi,S1,598
Universitas Negeri Jakarta,Pendidikan Masyarakat,S1,596
Universitas Negeri Jakarta,Pendidikan Sejarah,S1,596
Universitas Negeri Jakarta,Teknologi Pendidikan,S1,593
Universitas Negeri Jakarta,Pendidikan Ilmu Pengetahuan Sosial,S1,592
Universitas Negeri Jakarta,Pendidikan Geografi,S1,591
Universitas Negeri Jakarta,Geografi,S1,589
Universitas Negeri Jakarta,Pendidikan Khusus,S1,588
Universitas Negeri Jakarta,Pendidikan Vokasional Kesejahteraan Keluarga,S1,588
Universitas Negeri Jakarta,Pendidikan Jasmani,S1,583
Universitas Negeri Jakarta,Pendidikan Bahasa Jerman,S1,580
Universitas Negeri Jakarta,Pendidikan Pancasila & Kewarganegaraan,S1,579
Universitas Negeri Jakarta,Pendidikan Seni Rupa,S1,577
Universitas Negeri Jakarta,Pendidikan Kepelatihan Olahraga,S1,571
Universitas Negeri Jakarta,Kepelatihan Kecabangan Olahraga,S1,559
Universitas Negeri Jakarta,Pendidikan Bahasa Mandarin,S1,559
Universitas Negeri Jakarta,Olahraga Rekreasi,S1,557
Universitas Negeri Jakarta,Pendidikan Bahasa Prancis,S1,555
Universitas Negeri Jakarta,Pendidikan Musik,S1,553
Universitas Negeri Jakarta,Pendidikan Tari,S1,548
Universitas Jenderal Soedirman,Pendidikan Dokter,S1,714
Universitas Jenderal Soedirman,Farmasi,S1,687
Universitas Jenderal Soedirman,Informatika,S1,687
Universitas Jenderal Soedirman,Keperawatan,S1,685
Universitas Jenderal Soedirman,Ilmu Gizi,S1,684
Universitas Jenderal Soedirman,Kesehatan Masyarakat,S1,683
Universitas Jenderal Soedirman,Teknik Sipil,S1,678
Universitas Jenderal Soedirman,Agroteknologi,S1,676
Universitas Jenderal Soedirman,Kedokteran Gigi,S1,652
Universitas Jenderal Soedirman,Agribisnis,S1,643
Universitas Jenderal Soedirman,Teknologi Pangan,S1,642
Universitas Jenderal Soedirman,Peternakan,S1,640
Universitas Jenderal Soedirman,Biologi,S1,627
Universitas Jenderal Soedirman,Teknik Industri,S1,624
Universitas Jenderal Soedirman,Teknik Elektro,S1,623
Universitas Jenderal Soedirman,Teknik Pertanian,S1,622
Universitas Jenderal Soedirman,Matematika,S1,610
Universitas Jenderal Soedirman,Ilmu Kelautan,S1,599
Universitas Jenderal Soedirman,Teknik Geologi,S1,599
Universitas Jenderal Soedirman,Akuakultur,S1,595
Universitas Jenderal Soedirman,Kimia,S1,593
Universitas Jenderal Soedirman,Manajemen Sumberdaya Perairan,S1,593
Universitas Jenderal Soedirman,Pendidikan Jasmani,S1,558
Universitas Jenderal Soedirman,Fisika,S1,553
Universitas Jenderal Soedirman,Manajemen,S1,709
Universitas Jenderal Soedirman,Ilmu Komunikasi,S1,700
Universitas Jenderal Soedirman,Hukum,S1,688
Universitas Jenderal Soedirman,Administrasi Publik,S1,684
Universitas Jenderal Soedirman,Sosiologi,S1,682
Universitas Jenderal Soedirman,Akuntansi,S1,679
Universitas Jenderal Soedirman,Ekonomi Pembangunan,S1,678
Universitas Jenderal Soedirman,Hubungan Internasional,S1,666
Universitas Jenderal Soedirman,Ilmu Politik,S1,630
Universitas Jenderal Soedirman,Sastra Inggris,S1,626
Universitas Jenderal Soedirman,Pendidikan Bahasa Indonesia,S1,624
Universitas Jenderal Soedirman,Sastra Jepang,S1,624
Universitas Jenderal Soedirman,Pendidikan Ekonomi,S1,609
Universitas Jenderal Soedirman,Pendidikan Bahasa Inggris,S1,607
Universitas Jenderal Soedirman,Sastra Indonesia,S1,598
Universitas Pendidikan Indonesia,Arsitektur,S1,686
Universitas Pendidikan Indonesia,Biologi,S1,612
Universitas Pendidikan Indonesia,Fisika,S1,572
Universitas Pendidikan Indonesia,Gizi,S1,699
Universitas Pendidikan Indonesia,Ilmu Keolahragaan,S1,594
Universitas Pendidikan Indonesia,Ilmu Komputer,S1,685
Universitas Pendidikan Indonesia,Kepelatihan Fisik Olahraga,S1,545
Universitas Pendidikan Indonesia,Keperawatan (Kampus Sumedang),S1,663
Universitas Pendidikan Indonesia,Kimia,S1,611
Universitas Pendidikan Indonesia,Logistik Kelautan (Kampus Serang),S1,543
Universitas Pendidikan Indonesia,Matematika,S1,624
Universitas Pendidikan Indonesia,Mekatronika Dan Kecerdasan Buatan (Kampus UPI Purwakarta),S1,566
Universitas Pendidikan Indonesia,Ners,S1,0
Universitas Pendidikan Indonesia,Pendidikan Biologi,S1,618
Universitas Pendidikan Indonesia,Pendidikan Fisika,S1,596
Universitas Pendidikan Indonesia,Pendidikan Ilmu Komputer,S1,599
Universitas Pendidikan Indonesia,Pendidikan Ilmu Pengetahuan Alam,S1,564
Universitas Pendidikan Indonesia,Pendidikan Kelautan Dan Perikanan (Kampus Serang),S1,533
Universitas Pendidikan Indonesia,Pendidikan Kimia,S1,597
Universitas Pendidikan Indonesia,Pendidikan Matematika,S1,629
Universitas Pendidikan Indonesia,Pendidikan Multimedia (Kampus Cibiru),S1,574
Universitas Pendidikan Indonesia,Pendidikan Sistem Dan Teknologi Informasi (Kampus Purwakarta),S1,562
Universitas Pendidikan Indonesia,Pendidikan Teknik Arsitektur,S1,600
Universitas Pendidikan Indonesia,Pendidikan Teknik Bangunan,S1,571
Universitas Pendidikan Indonesia,Pendidikan Teknik Elektro,S1,578
Universitas Pendidikan Indonesia,Pendidikan Teknik Mesin,S1,597
Universitas Pendidikan Indonesia,Pendidikan Teknik Otomasi Industri Dan Robotika,S1,531
Universitas Pendidikan Indonesia,Pendidikan Teknik Otomotif,S1,569
Universitas Pendidikan Indonesia,Pendidikan Teknologi Agro Industri,S1,594
Universitas Pendidikan Indonesia,Rekayasa Perangkat Lunak (Kampus UPI Cibiru),S1,598
Universitas Pendidikan Indonesia,Sistem Informasi Kelautan (Kampus Serang),S1,552
Universitas Pendidikan Indonesia,Sistem Telekomunikasi (Kampus UPI Purwakarta),S1,573
Universitas Pendidikan Indonesia,Survei Pemetaan Dan Informasi Geografis,D4,0
Universitas Pendidikan Indonesia,Teknik Elektro,S1,612
Universitas Pendidikan Indonesia,Teknik Komputer (Kampus Cibiru),S1,601
Universitas Pendidikan Indonesia,Teknik Logistik,S1,599
Universitas Pendidikan Indonesia,Teknik Sipil,S1,679
Universitas Pendidikan Indonesia,Administrasi Pendidikan,S1,615
Universitas Pendidikan Indonesia,Akuntansi,S1,687
Universitas Pendidikan Indonesia,Bahasa Dan Sastra Indonesia,S1,627
Universitas Pendidikan Indonesia,Bahasa Dan Sastra Inggris,S1,684
Universitas Pendidikan Indonesia,Bimbingan Dan Konseling,S1,686
Universitas Pendidikan Indonesia,Bisnis Digital (Kampus UPI Tasikmalaya),S1,617
Universitas Pendidikan Indonesia,Desain Komunikasi Visual,S1,684
Universitas Pendidikan Indonesia,Desain Produk Industri (Kampus UPI Tasikmalaya),S1,566
Universitas Pendidikan Indonesia,Film Dan Televisi,S1,616
Universitas Pendidikan Indonesia,Ilmu Ekonomi Dan Keuangan Islam,S1,623
Universitas Pendidikan Indonesia,Ilmu Komunikasi,S1,723
Universitas Pendidikan Indonesia,Ilmu Pendidikan Agama Islam,S1,680
Universitas Pendidikan Indonesia,Industri Pariwisata (Kampus Sumedang),S1,611
Universitas Pendidikan Indonesia,Kewirausahaan (Kampus Tasikmalaya),S1,578
Universitas Pendidikan Indonesia,Manajemen,S1,708
Universitas Pendidikan Indonesia,Manajemen Industri Katering,S1,630
Universitas Pendidikan Indonesia,Manajemen Pemasaran Pariwisata,S1,652
Universitas Pendidikan Indonesia,Manajemen Resort Dan Leisure,S1,643
Universitas Pendidikan Indonesia,Musik,S1,567
Universitas Pendidikan Indonesia,Pend. Jasmani Kesehatan & Rekreasi (PJKR),S1,618
Universitas Pendidikan Indonesia,Pendidikan Akuntansi,S1,602
Universitas Pendidikan Indonesia,Pendidikan Bahasa Arab,S1,616
Universitas Pendidikan Indonesia,Pendidikan Bahasa Inggris,S1,639
Universitas Pendidikan Indonesia,Pendidikan Bahasa Jepang,S1,616
Universitas Pendidikan Indonesia,Pendidikan Bahasa Jerman,S1,602
Universitas Pendidikan Indonesia,Pendidikan Bahasa Korea,S1,682
Universitas Pendidikan Indonesia,Pendidikan Bahasa Perancis,S1,596
Universitas Pendidikan Indonesia,Pendidikan Bahasa Sunda,S1,603
Universitas Pendidikan Indonesia,Pendidikan Bhs.dan Sastra Indonesia,S1,620
Universitas Pendidikan Indonesia,Pendidikan Bisnis,S1,641
Universitas Pendidikan Indonesia,Pendidikan Ekonomi,S1,625
Universitas Pendidikan Indonesia,Pendidikan Geografi,S1,603
Universitas Pendidikan Indonesia,Pendidikan IPS,S1,602
Universitas Pendidikan Indonesia,Pendidikan Kepelatihan Olahraga,S1,605
Universitas Pendidikan Indonesia,Pendidikan Kesejahteraan Keluarga,S1,600
Universitas Pendidikan Indonesia,Pendidikan Khusus,S1,613
Universitas Pendidikan Indonesia,Pendidikan Manajemen Perkantoran,S1,641
Universitas Pendidikan Indonesia,Pendidikan Masyarakat,S1,603
Universitas Pendidikan Indonesia,Pendidikan Pariwisata,S1,615
Universitas Pendidikan Indonesia,Pendidikan Sejarah,S1,607
Universitas Pendidikan Indonesia,Pendidikan Seni Musik,S1,596
Universitas Pendidikan Indonesia,Pendidikan Seni Rupa Dan Kerajinan,S1,596
Universitas Pendidikan Indonesia,Pendidikan Seni Tari,S1,568
Universitas Pendidikan Indonesia,Pendidikan Sosiologi,S1,634
Universitas Pendidikan Indonesia,Pendidikan Tata Boga,S1,684
Universitas Pendidikan Indonesia,Pendidikan Tata Busana,S1,631
Universitas Pendidikan Indonesia,Perpustakaan Dan Sains Informasi,S1,611
Universitas Pendidikan Indonesia,Pgpaud (Kampus Bumi Siliwangi),S1,603
Universitas Pendidikan Indonesia,Pgpaud (Kampus Cibiru),S1,598
Universitas Pendidikan Indonesia,Pgpaud (Kampus Purwakarta),S1,560
Universitas Pendidikan Indonesia,Pgpaud (Kampus Serang),S1,560
Universitas Pendidikan Indonesia,Pgpaud (Kampus Tasikmalaya),S1,575
Universitas Pendidikan Indonesia,Pgsd (Kampus Bumi Siliwangi),S1,652
Universitas Pendidikan Indonesia,Pgsd (Kampus Cibiru),S1,643
Universitas Pendidikan Indonesia,Pgsd (Kampus Purwakarta),S1,616
Universitas Pendidikan Indonesia,Pgsd (Kampus Serang),S1,605
Universitas Pendidikan Indonesia,Pgsd (Kampus Sumedang),S1,617
Universitas Pendidikan Indonesia,Pgsd (Kampus Tasikmalaya),S1,628
Universitas Pendidikan Indonesia,Pgsd Pend. Jasmani (Kampus Bumi Siliwangi),S1,558
Universitas Pendidikan Indonesia,Pgsd Pendidikan Jasmani (Kampus Sumedang),S1,556
Universitas Pendidikan Indonesia,PKN,S1,606
Universitas Pendidikan Indonesia,Psikologi,S1,710
Universitas Pendidikan Indonesia,Sains Informasi Geografi,S1,606
Universitas Pendidikan Indonesia,Teknologi Pendidikan,S1,602
Universitas Negeri Semarang,Kesehatan Masyarakat,S1,676
Universitas Negeri Semarang,Gizi,S1,669
Universitas Negeri Semarang,Teknik Informatika,S1,667
Universitas Negeri Semarang,Pendidikan Matematika,S1,659
Universitas Negeri Semarang,Teknik Sipil,S1,650
Universitas Negeri Semarang,Farmasi,S1,646
Universitas Negeri Semarang,Teknik Arsitektur,S1,621
Universitas Negeri Semarang,Matematika,S1,599
Universitas Negeri Semarang,Teknik Mesin,S1,599
Universitas Negeri Semarang,Pendidikan Biologi,S1,598
Universitas Negeri Semarang,Teknik Komputer,S1,598
Universitas Negeri Semarang,Pend. Teknik Informatika & Komputer,S1,595
Universitas Negeri Semarang,Sistem Informasi,S1,595
Universitas Negeri Semarang,Pendidikan IPA,S1,594
Universitas Negeri Semarang,Teknik Elektro,S1,593
Universitas Negeri Semarang,Teknik Kimia,S1,592
Universitas Negeri Semarang,Biologi,S1,582
Universitas Negeri Semarang,Ilmu Lingkungan,S1,580
Universitas Negeri Semarang,Kimia,S1,570
Universitas Negeri Semarang,Pendidikan Fisika,S1,569
Universitas Negeri Semarang,Pendidikan Kimia,S1,563
Universitas Negeri Semarang,Pendidikan Teknik Otomotif,S1,553
Universitas Negeri Semarang,Pendidikan Teknik Mesin,S1,549
Universitas Negeri Semarang,Pendidikan Teknik Bangunan,S1,546
Universitas Negeri Semarang,Pendidikan Teknik Elektro,S1,545
Universitas Negeri Semarang,Ilmu Keolahragaan,S1,544
Universitas Negeri Semarang,Fisika,S1,540
Universitas Negeri Semarang,Manajemen,S1,711
Universitas Negeri Semarang,Ilmu Hukum,S1,696
Universitas Negeri Semarang,Psikologi,S1,694
Universitas Negeri Semarang,Pendidikan Guru Sekolah Dasar,S1,676
Universitas Negeri Semarang,Akuntansi,S1,675
Universitas Negeri Semarang,Ekonomi Pembangunan,S1,673
Universitas Negeri Semarang,Sastra Inggris,S1,651
Universitas Negeri Semarang,Bimbingan Dan Konseling,S1,630
Universitas Negeri Semarang,Pendidikan Admin Pekantoran,S1,622
Universitas Negeri Semarang,Pendidikan Bahasa Inggris,S1,622
Universitas Negeri Semarang,Ilmu Politik,S1,619
Universitas Negeri Semarang,Pendidikan Sosiologi & Antropologi,S1,619
Universitas Negeri Semarang,Geografi,S1,616
Universitas Negeri Semarang,Pendidikan Tata Boga,S1,604
Universitas Negeri Semarang,Pendidikan Bahasa Dan Sastra Indonesia,S1,602
Universitas Negeri Semarang,Pendidikan Tata Busana,S1,602
Universitas Negeri Semarang,"Pendidikan Jasmani, Kesehatan & Rekreasi",S1,597
Universitas Negeri Semarang,Pendidikan Tata Kecantikan,S1,595
Universitas Negeri Semarang,Pendidikan Akuntansi,S1,586
Universitas Negeri Semarang,Pendidikan Ilmu Pengetahuan Sosial,S1,585
Universitas Negeri Semarang,Ilmu Sejarah,S1,582
Universitas Negeri Semarang,Pendidikan Sejarah,S1,580
Universitas Negeri Semarang,Seni Rupa,S1,580
Universitas Negeri Semarang,Pendidikan Koperasi,S1,575
Universitas Negeri Semarang,Sastra Indonesia,S1,575
Universitas Negeri Semarang,Pend Guru Anak Usia Dini,S1,573
Universitas Negeri Semarang,Pendidikan Bahasa Jepang,S1,573
Universitas Negeri Semarang,Pendidikan Bahasa Dan Sastra Jawa,S1,572
Universitas Negeri Semarang,Pendidikan Geografi,S1,572
Universitas Negeri Semarang,Pendidikan Kepelatihan Olahraga,S1,569
Universitas Negeri Semarang,Pendidikan Pancasila & Kewarganegaraan,S1,569
Universitas Negeri Semarang,Teknologi Pendidikan,S1,569
Universitas Negeri Semarang,Pendidikan Bahasa Arab,S1,567
Universitas Negeri Semarang,Pendidikan Luar Sekolah,S1,548
Universitas Negeri Semarang,Sastra Prancis,S1,548
Universitas Negeri Semarang,P. Seni Musik,S1,546
Universitas Negeri Semarang,Pendidikan Jasmani Sekolah Dasar,S1,544
Universitas Negeri Semarang,Pendidikan Seni Rupa,S1,544
Universitas Negeri Semarang,Pendidikan Kesejahteraan Keluarga,S1,542
Universitas Negeri Semarang,Pendidikan Bahasa Prancis,S1,538
Universitas Negeri Semarang,Sastra Jawa,S1,536
Universitas Negeri Semarang,Pendidikan Bahasa Mandarin,S1,531
Universitas Negeri Semarang,P. Seni Tari,S1,530
Universitas Airlangga,Kedokteran,S1,726
Universitas Airlangga,Farmasi,S1,710
Universitas Airlangga,Kesehatan Masyarakat,S1,699
Universitas Airlangga,Kedokteran Gigi,S1,696
Universitas Airlangga,Keperawatan,S1,696
Universitas Airlangga,Gizi,S1,694
Universitas Airlangga,Kedokteran Hewan,S1,675
Universitas Airlangga,Sistem Informasi,S1,675
Universitas Airlangga,Teknik Biomedis,S1,660
Universitas Airlangga,Kebidanan,S1,657
Universitas Airlangga,Statistika,S1,657
Universitas Airlangga,Teknologi Sains Data,S1,654
Universitas Airlangga,Teknik Industri,S1,648
Universitas Airlangga,Teknik Lingkungan,S1,647
Universitas Airlangga,Akuakultur,S1,635
Universitas Airlangga,Teknik Robotika Dan Kecerdasan Buatan,S1,635
Universitas Airlangga,Biologi,S1,631
Universitas Airlangga,Matematika,S1,630
Universitas Airlangga,Rekayasa Nanoteknologi,S1,630
Universitas Airlangga,Teknik Elektro,S1,629
Universitas Airlangga,Teknologi Hasil Perikanan,S1,629
Universitas Airlangga,Kimia,S1,616
Universitas Airlangga,Kesehatan Masyarakat (Sikia Banyuwangi),S1,601
Universitas Airlangga,Fisika,S1,600
Universitas Airlangga,Kedokteran Hewan (Sikia Banyuwangi),S1,599
Universitas Airlangga,Akuakultur (Sikia Banyuwangi),S1,586
Universitas Airlangga,Psikologi,S1,715
Universitas Airlangga,Manajemen,S1,710
Universitas Airlangga,Ilmu Hukum,S1,706
Universitas Airlangga,Ilmu Komunikasi,S1,698
Universitas Airlangga,Akuntansi,S1,696
Universitas Airlangga,Ilmu Hubungan Internasional,S1,693
Universitas Airlangga,Bahasa Dan Sastra Inggris,S1,679
Universitas Airlangga,Ekonomi Islam,S1,665
Universitas Airlangga,Administrasi Publik,S1,661
Universitas Airlangga,Ekonomi Pembangunan,S1,654
Universitas Airlangga,Sosiologi,S1,650
Universitas Airlangga,Ilmu Politik,S1,643
Universitas Airlangga,Ilmu Informasi Dan Perpustakaan,S1,641
Universitas Airlangga,Antropologi,S1,632
Universitas Airlangga,Bahasa Dan Sastra Indonesia,S1,632
Universitas Airlangga,Studi Kejepangan,S1,632
Universitas Airlangga,Ilmu Sejarah,S1,606
Institut Pertanian Bogor,Ilmu Komputer,S1,714
Institut Pertanian Bogor,Ilmu Gizi,S1,713
Institut Pertanian Bogor,Teknologi Pangan,S1,696
Institut Pertanian Bogor,Manajemen,S1,688
Institut Pertanian Bogor,Agribisnis,S1,687
Institut Pertanian Bogor,Bisnis,S1,678
Institut Pertanian Bogor,Teknik Sipil Dan Lingkungan,S1,663
Institut Pertanian Bogor,Komunikasi Dan Pengembangan Masyarakat,S1,658
Institut Pertanian Bogor,Kedokteran Hewan,S1,657
Institut Pertanian Bogor,Statistika Dan Sains Data,S1,656
Institut Pertanian Bogor,Teknologi Industri Pertanian,S1,652
Institut Pertanian Bogor,Agronomi Dan Hortikultura,S1,645
Institut Pertanian Bogor,Arsitektur Lansekap,S1,643
Institut Pertanian Bogor,Konservasi Sumberdayahutan& Ekowisata,S1,637
Institut Pertanian Bogor,Ilmu Keluarga Dan Konsumen,S1,634
Institut Pertanian Bogor,Nutrisi Dan Teknologi Pakan,S1,634
Institut Pertanian Bogor,Biokimia,S1,633
Institut Pertanian Bogor,Ekonomi Sumberdaya Dan Lingkungan,S1,632
Institut Pertanian Bogor,Aktuaria,S1,628
Institut Pertanian Bogor,Manajemen Hutan,S1,626
Institut Pertanian Bogor,Ekonomi Pembangunan,S1,624
Institut Pertanian Bogor,Ekonomi Syariah,S1,623
Institut Pertanian Bogor,Teknologi & Manajemen Perikanan Budidaya,S1,623
Institut Pertanian Bogor,Matematika,S1,622
Institut Pertanian Bogor,Teknik Pertanian Dan Biosistem,S1,622
Institut Pertanian Bogor,Teknologi & Manajemen Perikanan Tangkap,S1,621
Institut Pertanian Bogor,Biologi,S1,619
Institut Pertanian Bogor,Ilmu Dan Teknologi Kelautan,S1,615
Institut Pertanian Bogor,Kimia,S1,614
Institut Pertanian Bogor,Teknologi Hasil Hutan,S1,614
Institut Pertanian Bogor,Teknologi Produksi Ternak,S1,614
Institut Pertanian Bogor,Manajemen Sumberdaya Lahan,S1,613
Institut Pertanian Bogor,Silvikultur,S1,613
Institut Pertanian Bogor,Meteorologi Terapan,S1,611
Institut Pertanian Bogor,Proteksi Tanaman,S1,611
Institut Pertanian Bogor,Teknologi Hasil Ternak,S1,610
Institut Pertanian Bogor,Manajemen Sumberdaya Perairan,S1,606
Institut Pertanian Bogor,Fisika,S1,581
Institut Pertanian Bogor,Teknologi Hasil Perairan,S1,578
Institut Teknologi Sepuluh Nopember,Teknik Informatika,S1,718
Institut Teknologi Sepuluh Nopember,Teknik Industri,S1,701
Institut Teknologi Sepuluh Nopember,Sistem Informasi,S1,692
Institut Teknologi Sepuluh Nopember,Teknik Sipil,S1,691
Institut Teknologi Sepuluh Nopember,Arsitektur,S1,682
Institut Teknologi Sepuluh Nopember,Teknik Mesin,S1,662
Institut Teknologi Sepuluh Nopember,Teknik Elektro,S1,653
Institut Teknologi Sepuluh Nopember,Statistika,S1,645
Institut Teknologi Sepuluh Nopember,Desain Komunikasi Visual,S1,632
Institut Teknologi Sepuluh Nopember,Teknik Kimia,S1,630
Institut Teknologi Sepuluh Nopember,Perencanaan Wilayah Dan Kota,S1,629
Institut Teknologi Sepuluh Nopember,Teknik Lingkungan,S1,628
Institut Teknologi Sepuluh Nopember,Teknik Komputer,S1,627
Institut Teknologi Sepuluh Nopember,Sains Aktuaria,S1,626
Institut Teknologi Sepuluh Nopember,Teknik Biomedik,S1,624
Institut Teknologi Sepuluh Nopember,Teknik Perkapalan,S1,621
Institut Teknologi Sepuluh Nopember,Teknologi Informasi,S1,620
Institut Teknologi Sepuluh Nopember,Teknik Material,S1,617
Institut Teknologi Sepuluh Nopember,Desain Interior,S1,614
Institut Teknologi Sepuluh Nopember,Teknik Geomatika,S1,611
Institut Teknologi Sepuluh Nopember,Teknik Fisika,S1,610
Institut Teknologi Sepuluh Nopember,Matematika,S1,608
Institut Teknologi Sepuluh Nopember,Teknik Sistem Perkapalan,S1,607
Institut Teknologi Sepuluh Nopember,Teknik Kelautan,S1,606
Institut Teknologi Sepuluh Nopember,Desain Produk Industri,S1,605
Institut Teknologi Sepuluh Nopember,Biologi,S1,603
Institut Teknologi Sepuluh Nopember,Kimia,S1,598
Institut Teknologi Sepuluh Nopember,Teknik Geofisika,S1,597
Institut Teknologi Sepuluh Nopember,Fisika,S1,595
Institut Teknologi Sepuluh Nopember,Tek. Sist Perkapalan,S1,576
Institut Teknologi Sepuluh Nopember,Teknik Transportasi Laut,S1,575
Institut Teknologi Sepuluh Nopember,Teknik Lepas Pantai,S1,0
Institut Teknologi Sepuluh Nopember,Teknik Pangan,S1,0
Institut Teknologi Sepuluh Nopember,Manajemen Bisnis,S1,657
Institut Teknologi Sepuluh Nopember,Studi Pembangunan,S1,599
Universitas Negeri Yogyakarta,Pendidikan Teknik Informatika,S1,695
Universitas Negeri Yogyakarta,Teknik Sipil,S1,695
Universitas Negeri Yogyakarta,Teknologi Informasi,S1,694
Universitas Negeri Yogyakarta,Pendidikan Matematika,S1,669
Universitas Negeri Yogyakarta,Statistika,S1,664
Universitas Negeri Yogyakarta,Biologi,S1,663
Universitas Negeri Yogyakarta,Matematika,S1,654
Universitas Negeri Yogyakarta,Pendidikan Jasmani Kesehatan Dan Rekreasi,S1,652
Universitas Negeri Yogyakarta,Pendidikan IPA,S1,651
Universitas Negeri Yogyakarta,Pendidikan Teknik Sipil & Perencanaan,S1,650
Universitas Negeri Yogyakarta,Teknik Elektro,S1,650
Universitas Negeri Yogyakarta,Pendidikan Biologi,S1,647
Universitas Negeri Yogyakarta,Pendidikan Teknik Mesin,S1,640
Universitas Negeri Yogyakarta,Pendidikan Teknik Otomotif,S1,638
Universitas Negeri Yogyakarta,Kimia,S1,635
Universitas Negeri Yogyakarta,Teknik Manufaktur,S1,633
Universitas Negeri Yogyakarta,Pendidikan Kepelatihan Olahraga,S1,632
Universitas Negeri Yogyakarta,Fisika,S1,620
Universitas Negeri Yogyakarta,Pendidikan Kimia,S1,620
Universitas Negeri Yogyakarta,Pendidikan Fisika,S1,619
Universitas Negeri Yogyakarta,Ilmu Keolahragaan,S1,590
Universitas Negeri Yogyakarta,Pendidikan Teknik Elektro,S1,589
Universitas Negeri Yogyakarta,Pendidikan Teknik Mekatronika,S1,589
Universitas Negeri Yogyakarta,Pgsd Pendidikan Jasmani,S1,588
Universitas Negeri Yogyakarta,Pendidikan Teknik Elektronika,S1,586
Universitas Negeri Yogyakarta,Manajemen,S1,715
Universitas Negeri Yogyakarta,Ilmu Komunikasi,S1,714
Universitas Negeri Yogyakarta,Psikologi,S1,711
Universitas Negeri Yogyakarta,Pendidikan Guru Sekolah Dasar,S1,707
Universitas Negeri Yogyakarta,Akuntansi,S1,704
Universitas Negeri Yogyakarta,Administrasi Negara,S1,703
Universitas Negeri Yogyakarta,Pendidikan Teknik Boga,S1,702
Universitas Negeri Yogyakarta,Bahasa Dan Sastra Inggris,S1,700
Universitas Negeri Yogyakarta,Pendidikan Teknik Busana,S1,700
Universitas Negeri Yogyakarta,Bimbingan & Konseling,S1,694
Universitas Negeri Yogyakarta,Pendidikan Administrasi Perkantoran,S1,686
Universitas Negeri Yogyakarta,Pendidikan Bahasa Inggris,S1,674
Universitas Negeri Yogyakarta,Pendidikan Sosiologi,S1,668
Universitas Negeri Yogyakarta,Pendidikan Bahasa Dan Sastra Indonesia,S1,665
Universitas Negeri Yogyakarta,Bahasa. Dan Sastra Indonesia,S1,664
Universitas Negeri Yogyakarta,Manajemen Pendidikan,S1,652
Universitas Negeri Yogyakarta,Pendidikan Bahasa Jawa,S1,651
Universitas Negeri Yogyakarta,Ilmu Sejarah,S1,650
Universitas Negeri Yogyakarta,Pendidikan IPS,S1,650
Universitas Negeri Yogyakarta,Pendidikan Guru Paud,S1,648
Universitas Negeri Yogyakarta,Pendidikan Ekonomi,S1,647
Universitas Negeri Yogyakarta,Pendidikan Luar Biasa,S1,646
Universitas Negeri Yogyakarta,Pendidikan Kewarganegaraan,S1,645
Universitas Negeri Yogyakarta,Pendidikan Sejarah,S1,644
Universitas Negeri Yogyakarta,Pendidikan Geografi,S1,640
Universitas Negeri Yogyakarta,Teknologi Pendidikan,S1,637
Universitas Negeri Yogyakarta,Pendidikan Luar Sekolah,S1,636
Universitas Negeri Yogyakarta,Pendidikan Akuntansi,S1,633
Universitas Negeri Yogyakarta,Kebijakan Pendidikan,S1,622
Universitas Negeri Yogyakarta,Pendidikan Seni Rupa,S1,617
Universitas Negeri Yogyakarta,Pendidikan Seni Musik,S1,616
Universitas Negeri Yogyakarta,Pendidikan Bahasa Jerman,S1,596
Universitas Negeri Yogyakarta,Pendidikan Seni Tari,S1,587
Universitas Negeri Yogyakarta,Pendidikan Bahasa Prancis,S1,586
Universitas Negeri Yogyakarta,Pendidikan Seni Kerajinan,S1,567
Universitas Negeri Surabaya,Biologi,S1,582
Universitas Negeri Surabaya,Fisika,S1,557
Universitas Negeri Surabaya,Gizi,S1,642
Universitas Negeri Surabaya,Ilmu Keolahragaan,S1,553
Universitas Negeri Surabaya,Kepelatihan Olahraga,D4,519
Universitas Negeri Surabaya,Kimia,S1,576
Universitas Negeri Surabaya,Manajemen Informatika,D4,572
Universitas Negeri Surabaya,Matematika,S1,579
Universitas Negeri Surabaya,Pend. Biologi,S1,584
Universitas Negeri Surabaya,Pend. Fisika,S1,560
Universitas Negeri Surabaya,Pend. Kimia,S1,558
Universitas Negeri Surabaya,Pend. Matematika,S1,587
Universitas Negeri Surabaya,Pend. Sains,S1,585
Universitas Negeri Surabaya,Pend. Teknik Bangunan,S1,537
Universitas Negeri Surabaya,Pend. Teknik Elektro,S1,547
Universitas Negeri Surabaya,Pend. Teknik Mesin,S1,552
Universitas Negeri Surabaya,Pendidikan Teknologi Informasi,S1,572
Universitas Negeri Surabaya,Sistem Informasi,S1,587
Universitas Negeri Surabaya,Teknik Elektro,S1,577
Universitas Negeri Surabaya,Teknik Informatika,S1,605
Universitas Negeri Surabaya,Teknik Listrik,D4,547
Universitas Negeri Surabaya,Teknik Mesin,S1,580
Universitas Negeri Surabaya,Teknik Mesin,D4,548
Universitas Negeri Surabaya,Teknik Sipil,S1,589
Universitas Negeri Surabaya,Teknik Sipil,D4,555
Universitas Negeri Surabaya,Transportasi,D4,534
Universitas Negeri Surabaya,Administrasi Negara,D4,585
Universitas Negeri Surabaya,Akuntansi,S1,635
Universitas Negeri Surabaya,Bisnis Digital,S1,0
Universitas Negeri Surabaya,Desain Grafis,D4,552
Universitas Negeri Surabaya,Desain Komunikasi Visual,S1,587
Universitas Negeri Surabaya,Ekonomi,S1,582
Universitas Negeri Surabaya,Ekonomi Islam,S1,584
Universitas Negeri Surabaya,Ilmu Administrasi Negara,S1,612
Universitas Negeri Surabaya,Ilmu Hukum,S1,643
Universitas Negeri Surabaya,Ilmu Komunikasi,S1,644
Universitas Negeri Surabaya,Kurikulum Dan Teknologi Pendidikan,S1,575
Universitas Negeri Surabaya,Manajemen,S1,669
Universitas Negeri Surabaya,Manajemen Pendidikan,S1,580
Universitas Negeri Surabaya,P. Bahasa Daerah (Jawa),S1,577
Universitas Negeri Surabaya,P. Bahasa Dan Sastra Indonesia,S1,591
Universitas Negeri Surabaya,P. Bahasa Inggris,S1,589
Universitas Negeri Surabaya,P. Bahasa Jepang,S1,578
Universitas Negeri Surabaya,P. Bahasa Jerman,S1,534
Universitas Negeri Surabaya,P. Ekonomi,S1,564
Universitas Negeri Surabaya,P. Geografi,S1,575
Universitas Negeri Surabaya,P. Sendratasik,S1,537
Universitas Negeri Surabaya,P. Seni Rupa,S1,553
Universitas Negeri Surabaya,Pend. Adm. Perkantoran,S1,592
Universitas Negeri Surabaya,Pend. Akuntansi,S1,571
Universitas Negeri Surabaya,Pend. Bahasa Mandarin,S1,555
Universitas Negeri Surabaya,Pend. Ilmu Pengetahuan Sosial,S1,578
Universitas Negeri Surabaya,"Pend. Jasmani, Kesehatan Dan Rekreasi",S1,582
Universitas Negeri Surabaya,Pend. Kepelatihan Olahraga,S1,576
Universitas Negeri Surabaya,Pend. Pancasila Dan Kewarganegaraan,S1,576
Universitas Negeri Surabaya,Pend. Sejarah,S1,578
Universitas Negeri Surabaya,Pend. Tata Boga,S1,588
Universitas Negeri Surabaya,Pend. Tata Busana,S1,589
Universitas Negeri Surabaya,Pend. Tata Niaga,S1,574
Universitas Negeri Surabaya,Pend. Tata Rias,S1,581
Universitas Negeri Surabaya,Pendi. Luar Biasa,S1,574
Universitas Negeri Surabaya,Pendidikan Luar Sekolah,S1,537
Universitas Negeri Surabaya,PG-PAUD,S1,577
Universitas Negeri Surabaya,PGSD,S1,657
Universitas Negeri Surabaya,Psikologi,S1,671
Universitas Negeri Surabaya,Psikologi Pendidikan Dan Bimbingan,S1,592
Universitas Negeri Surabaya,Sastra Indonesia,S1,576
Universitas Negeri Surabaya,Sastra Inggris,S1,593
Universitas Negeri Surabaya,Sastra Jerman,S1,551
Universitas Negeri Surabaya,Seni Musik,S1,543
Universitas Negeri Surabaya,Seni Rupa Murni,S1,532
Universitas Negeri Surabaya,Sosiologi,S1,589
Universitas Negeri Surabaya,Tata Boga,D4,577
Universitas Negeri Surabaya,Tata Busana,D4,559
Universitas Brawijaya,Kedokteran,S1,730
Universitas Brawijaya,Teknik Informatika,S1,705
Universitas Brawijaya,Arsitektur,S1,685
Universitas Brawijaya,Farmasi,S1,685
Universitas Brawijaya,Agroekoteknologi,S1,684
Universitas Brawijaya,Sistem Informasi,S1,684
Universitas Brawijaya,Teknik Sipil,S1,683
Universitas Brawijaya,Ilmu Gizi,S1,682
Universitas Brawijaya,Teknik Industri,S1,682
Universitas Brawijaya,Statistika,S1,681
Universitas Brawijaya,Agribisnis,S1,680
Universitas Brawijaya,Ilmu Keperawatan,S1,680
Universitas Brawijaya,Peternakan,S1,678
Universitas Brawijaya,Pendidikan Dokter Gigi,S1,673
Universitas Brawijaya,Perencanaan Wilayah & Kota,S1,661
Universitas Brawijaya,Teknologi Pangan,S1,658
Universitas Brawijaya,Teknik Mesin,S1,656
Universitas Brawijaya,Kebidanan,S1,650
Universitas Brawijaya,Teknik Lingkungan,S1,648
Universitas Brawijaya,Pendidikan Dokter Hewan,S1,647
Universitas Brawijaya,Teknologi Informasi,S1,646
Universitas Brawijaya,Teknik Elektro,S1,642
Universitas Brawijaya,Matematika,S1,637
Universitas Brawijaya,Teknik Industri Pertanian,S1,629
Universitas Brawijaya,Teknik Komputer,S1,626
Universitas Brawijaya,Ilmu Aktuaria,S1,618
Universitas Brawijaya,Teknik Kimia,S1,618
Universitas Brawijaya,Biologi,S1,617
Universitas Brawijaya,Bioteknologi,S1,617
Universitas Brawijaya,Kimia,S1,616
Universitas Brawijaya,Kehutanan,S1,613
Universitas Brawijaya,Ilmu Kelautan,S1,612
Universitas Brawijaya,Teknik Pengairan,S1,605
Universitas Brawijaya,Agrobisnis Perikanan,S1,604
Universitas Brawijaya,Teknik Geofisika,S1,604
Universitas Brawijaya,Agribisnis (Psdku Kediri),S1,600
Universitas Brawijaya,Akuakultur (Psdku Kediri),S1,599
Universitas Brawijaya,Teknologi Bioproses,S1,599
Universitas Brawijaya,Teknik Pertanian Dan Biosistem,S1,598
Universitas Brawijaya,Teknologi Hasil Perikanan,S1,597
Universitas Brawijaya,Instrumentasi,S1,596
Universitas Brawijaya,Manajemen Sumberdaya Perairan,S1,591
Universitas Brawijaya,Pendidikan Teknologi Informasi,S1,591
Universitas Brawijaya,Agroekoteknologi (Psdku Kediri),S1,583
Universitas Brawijaya,Peternakan (Psdku Kediri),S1,583
Universitas Brawijaya,Budidaya Perairan,S1,580
Universitas Brawijaya,Fisika,S1,577
Universitas Brawijaya,Desain Grafis,D4,572
Universitas Brawijaya,Pemanfaatan Sumberdaya Perikanan,S1,572
Universitas Brawijaya,Sosial Ekonomi Perikanan (Psdku Kediri),S1,542
Universitas Brawijaya,Ilmu Hukum,S1,727
Universitas Brawijaya,Psikologi,S1,721
Universitas Brawijaya,Manajemen,S1,717
Universitas Brawijaya,Ilmu Komunikasi,S1,715
Universitas Brawijaya,Administrasi Bisnis,S1,701
Universitas Brawijaya,Akuntansi,S1,695
Universitas Brawijaya,Hubungan Internasional,S1,695
Universitas Brawijaya,Perpajakan,S1,691
Universitas Brawijaya,Administrasi Publik,S1,688
Universitas Brawijaya,Pariwisata,S1,672
Universitas Brawijaya,Sastra Inggris,S1,667
Universitas Brawijaya,Sosiologi,S1,666
Universitas Brawijaya,Ilmu Politik,S1,651
Universitas Brawijaya,Ekonomi Pembangunan,S1,649
Universitas Brawijaya,Ilmu Pemerintahan,S1,644
Universitas Brawijaya,"Ekonomi, Keuangan Dan Perbankan",S1,639
Universitas Brawijaya,Kewirausahaan,S1,621
Universitas Brawijaya,Sastra Jepang,S1,617
Universitas Brawijaya,Ekonomi Islam,S1,614
Universitas Brawijaya,Manajemen Perhotelan,D4,610
Universitas Brawijaya,Antropologi,S1,607
Universitas Brawijaya,Ilmu Perpustakaan,S1,607
Universitas Brawijaya,Pendidikan Bahasa Inggris,S1,604
Universitas Brawijaya,Pendidikan Bhs & Sastra Indonesia,S1,604
Universitas Brawijaya,Administrasi Pendidikan,S1,602
Universitas Brawijaya,Sastra Cina,S1,598
Universitas Brawijaya,Bahasa Dan Sastra Prancis,S1,576
Universitas Brawijaya,Pendidikan Bahasa Jepang,S1,567
Universitas Brawijaya,Seni Rupa Murni,S1,566
Universitas Negeri Malang,Ilmu Kesehatan Masyarakat,S1,663
Universitas Negeri Malang,Teknik Informatika,S1,656
Universitas Negeri Malang,Teknik Sipil,S1,654
Universitas Negeri Malang,Pendidikan Matematika,S1,617
Universitas Negeri Malang,Teknik Industri,S1,616
Universitas Negeri Malang,Bioteknologi,S1,614
Universitas Negeri Malang,Matematika,S1,608
Universitas Negeri Malang,Teknik Mesin,S1,605
Universitas Negeri Malang,Pendidikan Biologi,S1,600
Universitas Negeri Malang,Biologi,S1,598
Universitas Negeri Malang,Pendidikan Ilmu Pengetahuan Alam,S1,596
Universitas Negeri Malang,Teknik Elektro,S1,594
Universitas Negeri Malang,Pendidikan Teknik Informatika,S1,591
Universitas Negeri Malang,Kimia,S1,582
Universitas Negeri Malang,Pendidikan Kimia,S1,579
Universitas Negeri Malang,Fisika,S1,578
Universitas Negeri Malang,Pendidikan Fisika,S1,575
Universitas Negeri Malang,Pendidikan Teknik Bangunan,S1,566
Universitas Negeri Malang,Pendidikan Teknik Otomotif,S1,564
Universitas Negeri Malang,Ilmu Keolahragaan,S1,558
Universitas Negeri Malang,Pendidikan Teknik Mesin,S1,556
Universitas Negeri Malang,Pendidikan Teknik Elektro,S1,549
Universitas Negeri Malang,Teknologi Rekayasa Dan Pemeliharaan Bangunan Sipil,D4,0
Universitas Negeri Malang,Teknologi Rekayasa Manufaktur,D4,0
Universitas Negeri Malang,Teknologi Rekayasa Otomotif,D4,0
Universitas Negeri Malang,Teknologi Rekayasa Pembangkit Energi,D4,0
Universitas Negeri Malang,Teknologi Rekayasa Sistem Elektronika,D4,0
Universitas Negeri Malang,Manajemen,S1,698
Universitas Negeri Malang,Psikologi,S1,693
Universitas Negeri Malang,Pendidikan Guru Sekolah Dasar,S1,681
Universitas Negeri Malang,Akuntansi,S1,666
Universitas Negeri Malang,Pendidikan Administrasi Perkantoran,S1,653
Universitas Negeri Malang,Ekonomi Dan Studi Pembangunan,S1,652
Universitas Negeri Malang,Desain Komunikasi Visual,S1,649
Universitas Negeri Malang,Bimbingan Dan Konseling,S1,635
Universitas Negeri Malang,Bahasa Dan Sastra Inggris,S1,627
Universitas Negeri Malang,Pendidikan Tata Boga,S1,619
Universitas Negeri Malang,Pendidikan Bahasa Inggris,S1,614
Universitas Negeri Malang,Pendidikan Tata Busana,S1,612
Universitas Negeri Malang,Pendidikan Sosiologi,S1,607
Universitas Negeri Malang,Bahasa Dan Sastra Indonesia,S1,601
Universitas Negeri Malang,"Pend. Bahasa, Sastra Indonesia & Daerah",S1,601
Universitas Negeri Malang,Administrasi Pendidikan,S1,599
Universitas Negeri Malang,Ilmu Perpustakaan,S1,597
Universitas Negeri Malang,Pendidikan Akuntansi,S1,597
Universitas Negeri Malang,Pendidikan Ekonomi,S1,597
Universitas Negeri Malang,"Pendidikan Jasmani, Kesehatan, Dan Rekreasi",S1,597
Universitas Negeri Malang,Pendidikan Bahasa Arab,S1,596
Universitas Negeri Malang,Pendidikan Geografi,S1,596
Universitas Negeri Malang,Geografi,S1,594
Universitas Negeri Malang,Pendidikan Ilmu Pengetahuan Sosial,S1,594
Universitas Negeri Malang,Pendidikan Sejarah,S1,594
Universitas Negeri Malang,Pendidikan Pancasila Dan Kewarganegaraan,S1,588
Universitas Negeri Malang,Pendidikan Guru Pend. Anak Usia Dini,S1,586
Universitas Negeri Malang,Pendidikan Tata Niaga,S1,583
Universitas Negeri Malang,Ilmu Sejarah,S1,580
Universitas Negeri Malang,Teknologi Pendidikan,S1,580
Universitas Negeri Malang,Pendidikan Luar Sekolah,S1,577
Universitas Negeri Malang,Pendidikan Kepelatihan Olahraga,S1,576
Universitas Negeri Malang,Pendidikan Luar Biasa,S1,575
Universitas Negeri Malang,Pendidikan Seni Rupa,S1,568
Universitas Negeri Malang,Pendidikan Bahasa Jerman,S1,561
Universitas Negeri Malang,Pendidikan Bahasa Mandarin,S1,557
Universitas Negeri Malang,Pendidikan Seni Tari Dan Musik,S1,551
Universitas Negeri Malang,Akuntansi,D4,0
Universitas Negeri Malang,Animasi,D4,0
Universitas Negeri Malang,Desain Mode,D4,0
Universitas Negeri Malang,Manajemen Pemasaran,D4,0
Universitas Negeri Malang,Perpustakaan Digital,D4,0
Universitas Negeri Malang,Tata Boga,D4,0
Institut Teknologi Bandung,FAK. ILMU DAN TEKNOLOGI KEBUMIAN (FITB),S1,684
Institut Teknologi Bandung,FAK. TEKNIK PERTAMB. & PERMINYAKAN (FTTM),S1,712
Institut Teknologi Bandung,FAKULTAS TEKNIK SIPIL & LINGKUNGAN (FTSL) – KAMPUS GANESA,S1,702
Institut Teknologi Bandung,SEKOLAH FARMASI (SF),S1,697
Institut Teknologi Bandung,SEKOLAH ILMU & TEKNO. HAYATI – PROG. SAINS,S1,635
Institut Teknologi Bandung,FAKULTAS TEKNOLOGI INDUSTRI (FTI) – KAMPUS GANESA,S1,700
Institut Teknologi Bandung,FAKULTAS TEKNIK MESIN & DIRGANTARA (FTMD),S1,705
Institut Teknologi Bandung,"SEK. ARSITEKTUR, PERENC & PENGEMB KEBIJAKAN",S1,702
Institut Teknologi Bandung,SEKOLAH ILMU & TEKNO HAYATI – PROG REKAYASA,S1,666
Institut Teknologi Bandung,FAKULTAS TEKNIK SIPIL DAN LINGKUNGAN (FTSL) – KAMPUS JATINANGOR,S1,661
Institut Teknologi Bandung,FAKULTAS TEKNOLOGI INDUSTRI (FTI) – KAMPUS JATINANGOR,S1,0
Institut Teknologi Bandung,FAKULTAS TEKNOLOGI INDUSTRI (FTI) – KAMPUS CIREBON,S1,651
Institut Teknologi Bandung,"SEK. ARSITEKTUR, PERENC & PENGEMB KEBIJAKAN (SAPPK) – KAMPUS CIREBON",S1,646
Institut Teknologi Bandung,FAK. TEKNIK PERTAMB. & PERMINYAKAN (FTTM) – KAMPUS CIREBON,S1,686
Institut Teknologi Bandung,FAKULTAS ILMU DAN TEKNOLOGI KEBUMIAN (FITB) – KAMPUS CIREBON,S1,615
Institut Teknologi Bandung,FMIPA-MATEMATIKA,S1,0
Institut Teknologi Bandung,FMIPA-ILMU PENGETAHUAN ALAM,S1,0
Institut Teknologi Bandung,SEKOLAH TEKNIK ELEKTRO DAN INFORMATIKA (STEI) – KOMPUTASI,S1,0
Institut Teknologi Bandung,SEKOLAH TEKNIK ELEKTRO DAN INFORMATIKA (STEI) – REKAYASA,S1,0
Institut Teknologi Bandung,FAKULTAS SENIRUPA DAN DESAIN (FSRD),S1,710
Institut Teknologi Bandung,SEKOLAH BISNIS DAN MANAJEMEN (SBM),S1,728
Institut Teknologi Bandung,FAKULTAS SENIRUPA DAN DESAIN (FSRD) – KAMPUS CIREBON,S1,612
Universitas Padjadjaran,Pendidikan Dokter,S1,737
Universitas Padjadjaran,Psikologi,S1,735
Universitas Padjadjaran,Teknik Informatika,S1,723
Universitas Padjadjaran,Farmasi,S1,710
Universitas Padjadjaran,Ilmu Keperawatan,S1,708
Universitas Padjadjaran,Pendidikan Dokter Gigi,S1,694
Universitas Padjadjaran,Agroteknologi,S1,666
Universitas Padjadjaran,Agribisnis,S1,654
Universitas Padjadjaran,Teknologi Pangan,S1,654
Universitas Padjadjaran,Statistika,S1,648
Universitas Padjadjaran,Teknik Geologi,S1,641
Universitas Padjadjaran,Ilmu Aktuaria,S1,634
Universitas Padjadjaran,Perikanan,S1,630
Universitas Padjadjaran,Teknik Pertanian,S1,629
Universitas Padjadjaran,Ilmu Kelautan,S1,627
Universitas Padjadjaran,Teknik Elektro,S1,626
Universitas Padjadjaran,Biologi,S1,625
Universitas Padjadjaran,Ilmu Peternakan,S1,625
Universitas Padjadjaran,Kedokteran Hewan,S1,623
Universitas Padjadjaran,Teknologi Industri Pertanian,S1,622
Universitas Padjadjaran,Matematika,S1,621
Universitas Padjadjaran,Kimia,S1,619
Universitas Padjadjaran,Geofisika,S1,610
Universitas Padjadjaran,Keperawatan Psdku Pangandaran,S1,595
Universitas Padjadjaran,Fisika,S1,581
Universitas Padjadjaran,Perikanan Psdku Pangandaran,S1,574
Universitas Padjadjaran,Peternakan Psdku Pangandaran,S1,549
Universitas Padjadjaran,Ilmu Hukum,S1,736
Universitas Padjadjaran,Manajemen,S1,734
Universitas Padjadjaran,Ilmu Komunikasi,S1,728
Universitas Padjadjaran,Ilmu Hubungan Internasional,S1,709
Universitas Padjadjaran,Akuntansi,S1,704
Universitas Padjadjaran,Bisnis Digital,S1,702
Universitas Padjadjaran,Ilmu Administrasi Bisnis,S1,699
Universitas Padjadjaran,Sastra Inggris,S1,699
Universitas Padjadjaran,Manajemen Komunikasi,S1,698
Universitas Padjadjaran,Televisi Dan Film,S1,694
Universitas Padjadjaran,Ilmu Pemerintahan,S1,655
Universitas Padjadjaran,Ilmu Kesejahteraan Sosial,S1,649
Universitas Padjadjaran,Ilmu Ekonomi,S1,648
Universitas Padjadjaran,Administrasi Publik,S1,647
Universitas Padjadjaran,Ekonomi Islam,S1,646
Universitas Padjadjaran,Hubungan Masyarakat,S1,645
Universitas Padjadjaran,Sastra Jepang,S1,642
Universitas Padjadjaran,Jurnalistik,S1,641
Universitas Padjadjaran,Ilmu Politik,S1,640
Universitas Padjadjaran,Sosiologi,S1,639
Universitas Padjadjaran,Ilmu Perpustakaan,S1,634
Universitas Padjadjaran,Sastra Indonesia,S1,633
Universitas Padjadjaran,Sastra Arab,S1,629
Universitas Padjadjaran,Antropologi,S1,623
Universitas Padjadjaran,Ilmu Sejarah,S1,619
Universitas Padjadjaran,Sastra Jerman,S1,617
Universitas Padjadjaran,Sastra Perancis,S1,615
Universitas Padjadjaran,Sastra Rusia,S1,612
Universitas Padjadjaran,Administrasi Bisnis Psdku Pangandaran,S1,611
Universitas Padjadjaran,Ilmu Komunikasi Psdku Pangandaran,S1,611
Universitas Padjadjaran,Sastra Sunda,S1,607
Universitas Sebelas Maret,Kedokteran,S1,724
Universitas Sebelas Maret,Psikologi,S1,716
Universitas Sebelas Maret,Informatika,S1,697
Universitas Sebelas Maret,Teknik Sipil,S1,688
Universitas Sebelas Maret,Farmasi,S1,685
Universitas Sebelas Maret,Arsitektur,S1,684
Universitas Sebelas Maret,Keselamatan Dan Kesehatan Kerja,D4,684
Universitas Sebelas Maret,Teknik Industri,S1,681
Universitas Sebelas Maret,Agribisnis,S1,658
Universitas Sebelas Maret,Ilmu dan Teknologi Pangan,S1,657
Universitas Sebelas Maret,Pendidikan Fisika,S1,654
Universitas Sebelas Maret,Teknik Mesin,S1,652
Universitas Sebelas Maret,Agroteknologi,S1,650
Universitas Sebelas Maret,Perencanaan Wilayah dan Kota,S1,647
Universitas Sebelas Maret,Statistika,S1,645
Universitas Sebelas Maret,Peternakan,S1,641
Universitas Sebelas Maret,Pendidikan Teknik Informatika & Komputer,S1,640
Universitas Sebelas Maret,Pendidikan Matematika,S1,626
Universitas Sebelas Maret,Teknik Kimia,S1,626
Universitas Sebelas Maret,Teknik Elektro,S1,625
Universitas Sebelas Maret,Matematika,S1,622
Universitas Sebelas Maret,Ilmu Tanah,S1,617
Universitas Sebelas Maret,Pendidikan Biologi,S1,614
Universitas Sebelas Maret,Biologi,S1,613
Universitas Sebelas Maret,Ilmu Lingkungan,S1,613
Universitas Sebelas Maret,Pengelolaan Hutan,S1,612
Universitas Sebelas Maret,Penyuluhan dan Komunikasi Pertanian,S1,610
Universitas Sebelas Maret,Pendidikan IPA,S1,609
Universitas Sebelas Maret,Kimia,S1,597
Universitas Sebelas Maret,Fisika,S1,596
Universitas Sebelas Maret,Pendidikan Teknik Bangunan,S1,565
Universitas Sebelas Maret,Pendidikan Teknik Mesin,S1,560
Universitas Sebelas Maret,Pendidikan Kimia,S1,556
Universitas Sebelas Maret,Kebidanan,S1,0
Universitas Sebelas Maret,Manajemen,S1,717
Universitas Sebelas Maret,Ilmu Hukum,S1,708
Universitas Sebelas Maret,Akuntansi,S1,699
Universitas Sebelas Maret,Ilmu Komunikasi,S1,699
Universitas Sebelas Maret,Pend. Guru Sekolah Dasar (PGSD) Surakarta,S1,687
Universitas Sebelas Maret,Demografi Dan Pencatatan Sipil,D4,684
Universitas Sebelas Maret,Ekonomi Pembangunan,S1,684
Universitas Sebelas Maret,Ilmu Administrasi Negara,S1,682
Universitas Sebelas Maret,Desain Komunikasi Visual,S1,668
Universitas Sebelas Maret,Sosiologi,S1,661
Universitas Sebelas Maret,Sastra Inggris,S1,655
Universitas Sebelas Maret,Hubungan Internasional,S1,649
Universitas Sebelas Maret,Bimbingan Dan Konseling,S1,648
Universitas Sebelas Maret,Pendidikan Administrasi Perkantoran,S1,645
Universitas Sebelas Maret,Pendidikan Bahasa Inggris,S1,628
Universitas Sebelas Maret,"Pend. Bahasa, Sastra Indonesia & Daerah",S1,624
Universitas Sebelas Maret,Sastra Indonesia,S1,624
Universitas Sebelas Maret,Pend. Guru Sekolah Dasar (PGSD) Kebumen,S1,620
Universitas Sebelas Maret,Pendidikan Sosiologi Antropologi,S1,615
Universitas Sebelas Maret,Pendidikan Ekonomi,S1,613
Universitas Sebelas Maret,"Pendidikan Jasmani, Kesehatan & Rekreasi",S1,613
Universitas Sebelas Maret,Ilmu Sejarah,S1,611
Universitas Sebelas Maret,Pendidikan Geografi,S1,611
Universitas Sebelas Maret,Desain Interior,S1,610
Universitas Sebelas Maret,Pend. Guru Pend Anak Usia Dini,S1,609
Universitas Sebelas Maret,Pendidikan Bahasa Jawa,S1,609
Universitas Sebelas Maret,Pendidikan Kepelatihan Olahraga,S1,605
Universitas Sebelas Maret,Pend. Pancasila & Kewarganegaraan,S1,601
Universitas Sebelas Maret,Pendidikan Sejarah,S1,598
Universitas Sebelas Maret,Sastra Arab,S1,598
Universitas Sebelas Maret,Pendidikan Luar Biasa,S1,597
Universitas Sebelas Maret,Pendidikan Akuntansi,S1,595
Universitas Sebelas Maret,Sastra Daerah Untuk Sastra Jawa,S1,562
Universitas Sebelas Maret,Pendidikan Seni Rupa,S1,545
Universitas Sebelas Maret,Desain Tekstil,S1,544
Universitas Sebelas Maret,Seni Rupa Murni,S1,536
Universitas Gadjah Mada,Kedokteran,S1,743.01
Universitas Gadjah Mada,Farmasi,S1,719.85
Universitas Gadjah Mada,Teknik Sipil,S1,714.67
Universitas Gadjah Mada,Teknologi Informasi,S1,712.25
Universitas Gadjah Mada,Gizi Kesehatan,S1,711.8
Universitas Gadjah Mada,Kedokteran Gigi,S1,707.64
Universitas Gadjah Mada,Ilmu Komputer,S1,699.65
Universitas Gadjah Mada,Arsitektur,S1,697.77
Universitas Gadjah Mada,Ilmu Keperawatan,S1,696.38
Universitas Gadjah Mada,Teknik Industri,S1,694.22
Universitas Gadjah Mada,Kehutanan,S1,693.66
Universitas Gadjah Mada,Teknik Mesin,S1,669.12
Universitas Gadjah Mada,Kedokteran Hewan,S1,663.4
Universitas Gadjah Mada,Teknologi Pangan Dan Hasil Pertanian,S1,659.66
Universitas Gadjah Mada,Statistika,S1,655.89
Universitas Gadjah Mada,Ilmu Dan Industri Peternakan,S1,654.32
Universitas Gadjah Mada,Manajemen Informasi Kesehatan,D4,653.88
Universitas Gadjah Mada,Teknik Kimia,S1,653.7
Universitas Gadjah Mada,Perencanaan Wilayah Dan Kota,S1,653.56
Universitas Gadjah Mada,Teknik Elektro,S1,650.36
Universitas Gadjah Mada,Biologi,S1,644.87
Universitas Gadjah Mada,Ekonomi Pertanian Dan Agribisnis,S1,642.86
Universitas Gadjah Mada,Teknik Geologi,S1,642.35
Universitas Gadjah Mada,Teknik Geodesi,S1,641.59
Universitas Gadjah Mada,Ilmu Aktuaria,S1,640.11
Universitas Gadjah Mada,Matematika,S1,639.46
Universitas Gadjah Mada,Teknik Biomedis,S1,637.02
Universitas Gadjah Mada,Higiene Gigi,S1,636.74
Universitas Gadjah Mada,Geografi Lingkungan,S1,636.54
Universitas Gadjah Mada,Kimia,S1,633.45
Universitas Gadjah Mada,Teknologi Rekayasa Perangkat Lunak,D4,632.96
Universitas Gadjah Mada,Teknik Pertanian,S1,632.39
Universitas Gadjah Mada,Teknik Nuklir,S1,632.18
Universitas Gadjah Mada,Teknologi Industri Pertanian,S1,632.14
Universitas Gadjah Mada,Teknik Fisika,S1,630.9
Universitas Gadjah Mada,Agronomi,D4,630.32
Universitas Gadjah Mada,Elektronika Dan Instrumentasi,S1,629.87
Universitas Gadjah Mada,Kartografi Dan Penginderaan Jauh,S1,629
Universitas Gadjah Mada,Pembangunan Wilayah,S1,626.25
Universitas Gadjah Mada,Ilmu Tanah,S1,625.79
Universitas Gadjah Mada,Teknik Pengelolaan Dan Pemeliharaan Infrastruktur Sipil,D4,625.49
Universitas Gadjah Mada,Geofisika,S1,619.19
Universitas Gadjah Mada,Proteksi Tanaman (Ilmu Hama Dan Penyakit Tumbuhan),S1,609.69
Universitas Gadjah Mada,Akuakultur (Budidaya Perikanan),S1,608.42
Universitas Gadjah Mada,Teknologi Rekayasa Pelaksanaan Bangunan Sipil,D4,608.31
Universitas Gadjah Mada,Teknologi Hasil Perikanan,S1,605.03
Universitas Gadjah Mada,Teknologi Rekayasa Mesin,D4,604.79
Universitas Gadjah Mada,Mikrobiologi Pertanian,S1,603.97
Universitas Gadjah Mada,Teknologi Rekayasa Internet,D4,593.44
Universitas Gadjah Mada,Fisika,S1,592.65
Universitas Gadjah Mada,Penyuluhan Dan Komunikasi Pertanian,S1,592.09
Universitas Gadjah Mada,Manajemen Sumberdaya Akuatik (Manajemen Sumber Daya Perikanan),S1,590.32
Universitas Gadjah Mada,Teknologi Rekayasa Elektro,D4,588.71
Universitas Gadjah Mada,Teknik Pengelolaan Dan Perawatan Alat Berat,D4,586.36
Universitas Gadjah Mada,Pengelolaan Hutan,D4,586.22
Universitas Gadjah Mada,Pengembangan Produk Agroindustri,D4,586.06
Universitas Gadjah Mada,Sistem Informasi Geografis,D4,584.93
Universitas Gadjah Mada,Teknologi Survei Dan Pemetaan Dasar,D4,584.32
Universitas Gadjah Mada,Teknologi Veteriner,D4,577.32
Universitas Gadjah Mada,Teknologi Rekayasa Instrumentasi Dan Kontrol,D4,571.2
Universitas Gadjah Mada,Psikologi,S1,744.11
Universitas Gadjah Mada,Hukum,S1,741.52
Universitas Gadjah Mada,Manajemen,S1,737.75
Universitas Gadjah Mada,Akuntansi,S1,715.64
Universitas Gadjah Mada,Ilmu Komunikasi,S1,715.55
Universitas Gadjah Mada,Ilmu Hubungan Internasional,S1,715.19
Universitas Gadjah Mada,Bahasa Dan Kebudayaan Korea,S1,696.01
Universitas Gadjah Mada,Pariwisata,S1,677.01
Universitas Gadjah Mada,Ilmu Ekonomi,S1,674.49
Universitas Gadjah Mada,Filsafat,S1,672.96
Universitas Gadjah Mada,Sastra Inggris,S1,671.51
Universitas Gadjah Mada,Manajemen Dan Kebijakan Publik,S1,669.16
Universitas Gadjah Mada,Pembangunan Sosial Dan Kesejahteraan,S1,662.01
Universitas Gadjah Mada,Pengelolaan Arsip Dan Rekaman Informasi,D4,659.1
Universitas Gadjah Mada,Sosiologi,S1,656.35
Universitas Gadjah Mada,Politik Dan Pemerintahan,S1,654.76
Universitas Gadjah Mada,Antropologi Budaya,S1,648.45
Universitas Gadjah Mada,Bisnis Perjalanan Wisata,D4,642.01
Universitas Gadjah Mada,Sastra Jepang,S1,640.77
Universitas Gadjah Mada,Bahasa Dan Sastra Indonesia,S1,637.55
Universitas Gadjah Mada,Sastra Arab,S1,637.39
Universitas Gadjah Mada,Arkeologi,S1,635.79
Universitas Gadjah Mada,Perbankan,D4,633.44
Universitas Gadjah Mada,Akuntansi Sektor Publik,D4,633.27
Universitas Gadjah Mada,Pembangunan Ekonomi Kewilayahan,D4,632.6
Universitas Gadjah Mada,Sejarah,S1,631.84
Universitas Gadjah Mada,Manajemen Dan Penilaian Properti,D4,631.16
Universitas Gadjah Mada,Bahasa Inggris,D4,621.17
Universitas Gadjah Mada,Sastra Prancis,S1,591.5
Universitas Gadjah Mada,Sastra Jawa,S1,591.34
Universitas Indonesia,Pendidikan Dokter,,754.16
Universitas Indonesia,Ilmu Komputer,,704.06
Universitas Indonesia,Sistem Informasi,,703.63
Universitas Indonesia,Ilmu Kesehatan Masyarakat,,684.43
Universitas Indonesia,Teknik Industri,,678.36
Universitas Indonesia,Arsitektur,,678.16
Universitas Indonesia,Farmasi,,673.62
Universitas Indonesia,Pendidikan Dokter Gigi,,673.13
Universitas Indonesia,Ilmu Keperawatan,,663.76
Universitas Indonesia,Teknik Komputer,,663.73
Universitas Indonesia,Gizi,,663.7
Universitas Indonesia,Teknik Sipil,,663.69
Universitas Indonesia,Teknik Mesin,,662.82
Universitas Indonesia,Arsitektur Interior,,654.08
Universitas Indonesia,Teknik Elektro,,653.61
Universitas Indonesia,Aktuaria,,653.25
Universitas Indonesia,Statistika,,643.77
Universitas Indonesia,Keselamatan Dan Kesehatan Kerja,,643.32
Universitas Indonesia,Teknik Kimia,,643.23
Universitas Indonesia,Matematika,,643.02
Universitas Indonesia,Teknik Lingkungan,,642.94
Universitas Indonesia,Teknik Metalurgi & Material,,642.85
Universitas Indonesia,Biologi,,632.99
Universitas Indonesia,Kimia,,632.8
Universitas Indonesia,Teknologi Bioproses,,632.79
Universitas Indonesia,Fisika,,632.76
Universitas Indonesia,Kesehatan Lingkungan,,632.75
Universitas Indonesia,Geologi,,632.74
Universitas Indonesia,Teknik Biomedis,,627.46
Universitas Indonesia,Geografi,,623.4
Universitas Indonesia,Teknik Perkapalan,,612.27
Universitas Indonesia,Geofisika,,607.11
Universitas Indonesia,Ilmu Hukum,,733.74
Universitas Indonesia,Ilmu Psikologi,,729.24
Universitas Indonesia,Manajemen,,714.07
Universitas Indonesia,Akuntansi,,704.71
Universitas Indonesia,Ilmu Komunikasi,,704.31
Universitas Indonesia,Kriminologi,,703.73
Universitas Indonesia,Ilmu Hubungan Internasional,,693.78
Universitas Indonesia,Ilmu Administrasi Negara,,679.69
Universitas Indonesia,Sastra Inggris,,678.96
Universitas Indonesia,Ilmu Administrasi Niaga,,678.57
Universitas Indonesia,Ilmu Ekonomi,,678.43
Universitas Indonesia,Bahasa Dan Kebudayaan Korea,,678.31
Universitas Indonesia,Ilmu Kesejahteraan Sosial,,663.65
Universitas Indonesia,Ilmu Administrasi Fiskal,,663.63
Universitas Indonesia,Ilmu Politik,,663.48
Universitas Indonesia,Sosiologi,,663.37
Universitas Indonesia,Sastra Jepang,,663.09
Universitas Indonesia,Bisnis Islam,,653.69
Universitas Indonesia,Ilmu Ekonomi Islam,,653.67
Universitas Indonesia,Antropologi Sosial,,653.45
Universitas Indonesia,Sastra Arab,,653.43
Universitas Indonesia,Ilmu Perpustakaan,,643.44
Universitas Indonesia,Ilmu Filsafat,,643.41
Universitas Indonesia,Sastra Indonesia,,643.32
Universitas Indonesia,Ilmu Sejarah,,643.31
Universitas Indonesia,Arkeologi Indonesia,,633.12
Universitas Indonesia,Sastra Cina,,632.89
Universitas Indonesia,Sastra Rusia,,632.84
Universitas Indonesia,Sastra Prancis,,627.17
Universitas Indonesia,Sastra Jerman,,624.12
Universitas Indonesia,Sastra Belanda,,607.43
Universitas Indonesia,Sastra Daerah Untuk Sastra Jawa,,607.34